{"cameraMode":{"drawMode":0,"name":"Shaded","section":"Shading Mode"},"sceneLighting":true,"audioPlay":false,"sceneViewState":{"showFog":true,"showMaterialUpdate":false,"showSkybox":true,"showFlares":true,"showImageEffects":true,"showParticleSystems":true},"in2DMode":false,"pivot":{"x":128.1876678466797,"y":4.36525297164917,"z":42.70650863647461},"rotation":{"x":-0.03091013804078102,"y":0.9158140420913696,"z":-0.07186400890350342,"w":-0.39390963315963747},"size":4.814929008483887,"orthographic":false}