{"cameraMode":{"drawMode":0,"name":"Shaded","section":"Shading Mode"},"sceneLighting":false,"audioPlay":false,"sceneViewState":{"showFog":true,"showMaterialUpdate":false,"showSkybox":false,"showFlares":true,"showImageEffects":true,"showParticleSystems":true},"in2DMode":false,"pivot":{"x":-5.5484299659729,"y":0.5324509143829346,"z":256.883544921875},"rotation":{"x":-0.17003364861011506,"y":0.6479558944702148,"z":-0.1515844464302063,"w":-0.7268179655075073},"size":40.932037353515628,"orthographic":false}