{"cameraMode":{"drawMode":0,"name":"Shaded","section":"Shading Mode"},"sceneLighting":true,"audioPlay":false,"sceneViewState":{"showFog":true,"showMaterialUpdate":false,"showSkybox":true,"showFlares":true,"showImageEffects":true,"showParticleSystems":true},"in2DMode":false,"pivot":{"x":121.91189575195313,"y":3.148036003112793,"z":40.748233795166019},"rotation":{"x":-0.17003364861011506,"y":0.6479558944702148,"z":-0.1515844464302063,"w":-0.7268179655075073},"size":5.872631072998047,"orthographic":false}