{"cameraMode":{"drawMode":0,"name":"Shaded","section":"Shading Mode"},"sceneLighting":true,"audioPlay":false,"sceneViewState":{"showFog":true,"showMaterialUpdate":false,"showSkybox":true,"showFlares":true,"showImageEffects":true,"showParticleSystems":true},"in2DMode":false,"pivot":{"x":77.50689697265625,"y":19.552635192871095,"z":-13.606075286865235},"rotation":{"x":0.2653868794441223,"y":0.35764074325561526,"z":-0.10676664859056473,"w":0.888970673084259},"size":22.0,"orthographic":false}